row_key,simbad_main_id,wood2021_row,wood2021_star,wood2021_vism_kms,wood2021_theta_deg
prox_cen,NAME Proxima Centauri,1,Prox Cen,25,79
gj_699,NAME Barnard's star,2,GJ 699,121,43
gj_411,HD 95735,3,GJ 411,110,36
gj_887,HD 217987,5,GJ 887,85,99
gj_15_a,HD 1326,6,GJ 15AB,28,95
gj_15_b,HD 1326B,6,GJ 15AB,28,95
gj_273,BD+05 1668,7,GJ 273,75,89
gj_860_a,HD 239960A,8,GJ 860AB,47,55
gj_860_b,HD 239960B,8,GJ 860AB,47,55
ev_lac,V* EV Lac,10,EV Lac,45,84
gj_205,HD 36395,11,GJ 205,70,79
gj_588,CD-40 9712,12,GJ 588,47,139
yz_cmi,V* YZ CMi,13,YZ CMi,20,114
gj_644_ab,HD 152751,14,GJ 644AB,53,136
gj_338_a,HD 79210,15,GJ 338AB,29,88
gj_338_b,HD 79211,15,GJ 338AB,29,88
gj_173,BD-11 916,17,GJ 173,38,43
alf_cen_a,* alf Cen A,18,alf Cen AB,25,79
alf_cen_b,* alf Cen B,18,alf Cen AB,25,79
eps_eri,* eps Eri,19,eps Eri,27,76
61_cyg_a,* 61 Cyg A,20,61 Cyg A,86,46
eps_ind,* eps Ind,21,eps Ind,68,64
tau_cet,* tau Cet,22,tau Cet,56,59
70_oph_a,* 70 Oph A,23,70 Oph AB,37,120
70_oph_b,* 70 Oph B,23,70 Oph AB,37,120
36_oph_a,* 36 Oph A,24,36 Oph AB,40,134
36_oph_b,* 36 Oph B,24,36 Oph AB,40,134
del_pav,* del Pav,25,del Pav,29,72
gj_892,HD 219134,26,GJ 892,49,60
ksi_boo_a,* ksi Boo A,27,ksi Boo AB,32,131
ksi_boo_b,* ksi Boo B,27,ksi Boo AB,32,131
61_vir,* 61 Vir,28,61 Vir,51,98
del_eri,* del Eri,29,del Eri,37,41
pi1_uma,* pi.01 UMa,30,pi1 UMa,43,34
lam_and,* lam And,31,lam And,53,89
dk_uma,* d UMa,32,DK UMa,43,32
