logFX,halfwidth_dex
2.00,0.5604
2.01,0.5583
2.02,0.5563
2.03,0.5543
2.04,0.5525
2.05,0.5508
2.06,0.5489
2.07,0.5469
2.08,0.5448
2.09,0.5426
2.10,0.5405
2.11,0.5388
2.12,0.5373
2.13,0.5357
2.14,0.5339
2.15,0.5322
2.16,0.5307
2.17,0.5290
2.18,0.5270
2.19,0.5252
2.20,0.5234
2.21,0.5216
2.22,0.5198
2.23,0.5179
2.24,0.5162
2.25,0.5146
2.26,0.5129
2.27,0.5111
2.28,0.5096
2.29,0.5079
2.30,0.5062
2.31,0.5046
2.32,0.5030
2.33,0.5014
2.34,0.4997
2.35,0.4981
2.36,0.4964
2.37,0.4950
2.38,0.4933
2.39,0.4916
2.40,0.4901
2.41,0.4887
2.42,0.4872
2.43,0.4855
2.44,0.4838
2.45,0.4821
2.46,0.4804
2.47,0.4786
2.48,0.4767
2.49,0.4747
2.50,0.4730
2.51,0.4715
2.52,0.4699
2.53,0.4682
2.54,0.4667
2.55,0.4651
2.56,0.4634
2.57,0.4617
2.58,0.4600
2.59,0.4583
2.60,0.4564
2.61,0.4547
2.62,0.4530
2.63,0.4507
2.64,0.4486
2.65,0.4466
2.66,0.4452
2.67,0.4437
2.68,0.4421
2.69,0.4405
2.70,0.4383
2.71,0.4362
2.72,0.4341
2.73,0.4327
2.74,0.4311
2.75,0.4287
2.76,0.4265
2.77,0.4246
2.78,0.4231
2.79,0.4216
2.80,0.4199
2.81,0.4184
2.82,0.4169
2.83,0.4151
2.84,0.4132
2.85,0.4111
2.86,0.4098
2.87,0.4083
2.88,0.4063
2.89,0.4042
2.90,0.4023
2.91,0.4005
2.92,0.3988
2.93,0.3968
2.94,0.3954
2.95,0.3938
2.96,0.3921
2.97,0.3899
2.98,0.3881
2.99,0.3869
3.00,0.3855
3.01,0.3837
3.02,0.3818
3.03,0.3804
3.04,0.3785
3.05,0.3765
3.06,0.3745
3.07,0.3726
3.08,0.3708
3.09,0.3691
3.10,0.3673
3.11,0.3653
3.12,0.3633
3.13,0.3616
3.14,0.3602
3.15,0.3590
3.16,0.3575
3.17,0.3550
3.18,0.3536
3.19,0.3508
3.20,0.3492
3.21,0.3476
3.22,0.3461
3.23,0.3442
3.24,0.3424
3.25,0.3406
3.26,0.3388
3.27,0.3367
3.28,0.3345
3.29,0.3320
3.30,0.3294
3.31,0.3277
3.32,0.3259
3.33,0.3247
3.34,0.3228
3.35,0.3210
3.36,0.3195
3.37,0.3183
3.38,0.3168
3.39,0.3156
3.40,0.3139
3.41,0.3125
3.42,0.3111
3.43,0.3094
3.44,0.3077
3.45,0.3063
3.46,0.3047
3.47,0.3027
3.48,0.3008
3.49,0.2993
3.50,0.2973
3.51,0.2952
3.52,0.2931
3.53,0.2908
3.54,0.2896
3.55,0.2884
3.56,0.2871
3.57,0.2849
3.58,0.2834
3.59,0.2822
3.60,0.2812
3.61,0.2790
3.62,0.2775
3.63,0.2760
3.64,0.2739
3.65,0.2728
3.66,0.2711
3.67,0.2693
3.68,0.2671
3.69,0.2655
3.70,0.2643
3.71,0.2626
3.72,0.2625
3.73,0.2603
3.74,0.2583
3.75,0.2571
3.76,0.2552
3.77,0.2531
3.78,0.2508
3.79,0.2492
3.80,0.2478
3.81,0.2467
3.82,0.2457
3.83,0.2445
3.84,0.2427
3.85,0.2413
3.86,0.2397
3.87,0.2385
3.88,0.2372
3.89,0.2356
3.90,0.2339
3.91,0.2319
3.92,0.2301
3.93,0.2287
3.94,0.2265
3.95,0.2249
3.96,0.2234
3.97,0.2224
3.98,0.2217
3.99,0.2201
4.00,0.2190
4.01,0.2179
4.02,0.2155
4.03,0.2139
4.04,0.2124
4.05,0.2109
4.06,0.2094
4.07,0.2079
4.08,0.2062
4.09,0.2046
4.10,0.2024
4.11,0.2006
4.12,0.1992
4.13,0.1985
4.14,0.1974
4.15,0.1967
4.16,0.1947
4.17,0.1939
4.18,0.1920
4.19,0.1906
4.20,0.1890
4.21,0.1880
4.22,0.1859
4.23,0.1854
4.24,0.1841
4.25,0.1821
4.26,0.1796
4.27,0.1791
4.28,0.1786
4.29,0.1772
4.30,0.1762
4.31,0.1754
4.32,0.1736
4.33,0.1717
4.34,0.1706
4.35,0.1693
4.36,0.1675
4.37,0.1657
4.38,0.1654
4.39,0.1648
4.40,0.1634
4.41,0.1621
4.42,0.1617
4.43,0.1611
4.44,0.1599
4.45,0.1589
4.46,0.1578
4.47,0.1573
4.48,0.1568
4.49,0.1559
4.50,0.1560
4.51,0.1549
4.52,0.1543
4.53,0.1537
4.54,0.1529
4.55,0.1528
4.56,0.1515
4.57,0.1515
4.58,0.1504
4.59,0.1495
4.60,0.1494
4.61,0.1488
4.62,0.1473
4.63,0.1461
4.64,0.1456
4.65,0.1458
4.66,0.1451
4.67,0.1446
4.68,0.1440
4.69,0.1437
4.70,0.1429
4.71,0.1428
4.72,0.1423
4.73,0.1419
4.74,0.1413
4.75,0.1411
4.76,0.1406
4.77,0.1405
4.78,0.1404
4.79,0.1399
4.80,0.1399
4.81,0.1396
4.82,0.1392
4.83,0.1396
4.84,0.1391
4.85,0.1387
4.86,0.1387
4.87,0.1387
4.88,0.1389
4.89,0.1398
4.90,0.1403
4.91,0.1404
4.92,0.1404
4.93,0.1402
4.94,0.1399
4.95,0.1400
4.96,0.1393
4.97,0.1393
4.98,0.1387
4.99,0.1388
5.00,0.1385
5.01,0.1397
5.02,0.1403
5.03,0.1411
5.04,0.1412
5.05,0.1415
5.06,0.1424
5.07,0.1436
5.08,0.1442
5.09,0.1446
5.10,0.1451
5.11,0.1457
5.12,0.1470
5.13,0.1477
5.14,0.1487
5.15,0.1494
5.16,0.1499
5.17,0.1509
5.18,0.1520
5.19,0.1518
5.20,0.1518
5.21,0.1515
5.22,0.1519
5.23,0.1524
5.24,0.1530
5.25,0.1538
5.26,0.1542
5.27,0.1549
5.28,0.1558
5.29,0.1570
5.30,0.1580
5.31,0.1592
5.32,0.1606
5.33,0.1616
5.34,0.1620
5.35,0.1632
5.36,0.1631
5.37,0.1646
5.38,0.1657
5.39,0.1665
5.40,0.1674
5.41,0.1685
5.42,0.1690
5.43,0.1695
5.44,0.1707
5.45,0.1716
5.46,0.1727
5.47,0.1735
5.48,0.1753
5.49,0.1756
5.50,0.1770
5.51,0.1785
5.52,0.1797
5.53,0.1812
5.54,0.1828
5.55,0.1839
5.56,0.1849
5.57,0.1869
5.58,0.1883
5.59,0.1902
5.60,0.1923
5.61,0.1938
5.62,0.1949
5.63,0.1963
5.64,0.1978
5.65,0.1987
5.66,0.2002
5.67,0.2010
5.68,0.2027
5.69,0.2050
5.70,0.2064
5.71,0.2078
5.72,0.2096
5.73,0.2106
5.74,0.2114
5.75,0.2128
5.76,0.2144
5.77,0.2160
5.78,0.2173
5.79,0.2186
5.80,0.2199
5.81,0.2214
5.82,0.2230
5.83,0.2255
5.84,0.2274
5.85,0.2291
5.86,0.2295
5.87,0.2312
5.88,0.2319
5.89,0.2335
5.90,0.2350
5.91,0.2364
5.92,0.2378
5.93,0.2390
5.94,0.2400
5.95,0.2413
5.96,0.2436
5.97,0.2449
5.98,0.2454
5.99,0.2463
6.00,0.2475
6.01,0.2488
6.02,0.2497
6.03,0.2519
6.04,0.2539
6.05,0.2554
6.06,0.2564
6.07,0.2574
6.08,0.2590
6.09,0.2607
6.10,0.2627
6.11,0.2642
6.12,0.2658
6.13,0.2676
6.14,0.2693
6.15,0.2711
6.16,0.2725
6.17,0.2740
6.18,0.2754
6.19,0.2768
6.20,0.2782
6.21,0.2800
6.22,0.2814
6.23,0.2829
6.24,0.2850
6.25,0.2864
6.26,0.2880
6.27,0.2896
6.28,0.2912
6.29,0.2928
6.30,0.2941
6.31,0.2953
6.32,0.2970
6.33,0.2985
6.34,0.3007
6.35,0.3026
6.36,0.3051
6.37,0.3058
6.38,0.3075
6.39,0.3095
6.40,0.3116
6.41,0.3128
6.42,0.3138
6.43,0.3158
6.44,0.3174
6.45,0.3194
6.46,0.3213
6.47,0.3236
6.48,0.3249
6.49,0.3265
6.50,0.3285
6.51,0.3305
6.52,0.3321
6.53,0.3337
6.54,0.3356
6.55,0.3370
6.56,0.3389
6.57,0.3410
6.58,0.3426
6.59,0.3444
6.60,0.3466
6.61,0.3487
6.62,0.3505
6.63,0.3520
6.64,0.3534
6.65,0.3553
6.66,0.3571
6.67,0.3592
6.68,0.3613
6.69,0.3631
6.70,0.3644
6.71,0.3662
6.72,0.3682
6.73,0.3700
6.74,0.3716
6.75,0.3733
6.76,0.3749
6.77,0.3768
6.78,0.3788
6.79,0.3803
6.80,0.3819
6.81,0.3837
6.82,0.3851
6.83,0.3864
6.84,0.3879
6.85,0.3899
6.86,0.3921
6.87,0.3943
6.88,0.3961
6.89,0.3974
6.90,0.3994
6.91,0.4016
6.92,0.4037
6.93,0.4053
6.94,0.4069
6.95,0.4087
6.96,0.4105
6.97,0.4118
6.98,0.4132
6.99,0.4149
7.00,0.4169
7.01,0.4193
7.02,0.4217
7.03,0.4236
7.04,0.4251
7.05,0.4263
7.06,0.4279
7.07,0.4297
7.08,0.4320
7.09,0.4342
7.10,0.4361
7.11,0.4379
7.12,0.4394
7.13,0.4410
7.14,0.4424
7.15,0.4444
7.16,0.4462
7.17,0.4479
7.18,0.4496
7.19,0.4509
7.20,0.4525
7.21,0.4542
7.22,0.4560
7.23,0.4578
7.24,0.4595
7.25,0.4612
7.26,0.4631
7.27,0.4649
7.28,0.4668
7.29,0.4685
7.30,0.4702
7.31,0.4719
7.32,0.4737
7.33,0.4755
7.34,0.4773
7.35,0.4790
7.36,0.4806
7.37,0.4821
7.38,0.4839
7.39,0.4858
7.40,0.4875
7.41,0.4891
7.42,0.4904
7.43,0.4923
7.44,0.4938
7.45,0.4956
7.46,0.4972
7.47,0.4991
7.48,0.5012
7.49,0.5028
7.50,0.5041
7.51,0.5054
7.52,0.5070
7.53,0.5085
7.54,0.5099
7.55,0.5118
7.56,0.5139
7.57,0.5159
7.58,0.5179
7.59,0.5197
7.60,0.5215
7.61,0.5235
7.62,0.5250
7.63,0.5267
7.64,0.5287
7.65,0.5306
7.66,0.5327
7.67,0.5348
7.68,0.5368
7.69,0.5388
7.70,0.5407
7.71,0.5426
7.72,0.5446
7.73,0.5463
7.74,0.5478
7.75,0.5495
7.76,0.5514
7.77,0.5532
7.78,0.5550
7.79,0.5570
7.80,0.5592
7.81,0.5612
7.82,0.5632
7.83,0.5653
7.84,0.5672
7.85,0.5692
7.86,0.5711
7.87,0.5728
7.88,0.5746
7.89,0.5761
7.90,0.5777
7.91,0.5800
7.92,0.5817
7.93,0.5829
7.94,0.5842
7.95,0.5857
7.96,0.5873
7.97,0.5890
7.98,0.5910
7.99,0.5929
8.00,0.5948
