class,state,logFX,point_log_Mdot_per_A,regime,band_lo_dex,band_hi_dex,weight,marginal,undefined_KM_mass,class_median_R_rsun,n_stars,n_upper_limits
F,quiet,4.3125,-0.1620,quiet,-0.50,0.30,,False,0.000,1.4100,75,12
F,typical,5.3137,0.4307,mid,-0.86,1.21,,False,0.000,1.4100,75,12
F,active,5.9449,0.8044,mid,-0.88,1.22,,False,0.000,1.4100,75,12
G,quiet,3.9947,-0.3502,quiet,-0.50,0.30,,True,0.135,0.9795,90,32
G,typical,4.7540,0.0994,quiet,-0.50,0.30,,False,0.135,0.9795,90,32
G,active,6.1355,0.9172,active,-1.23,1.23,,False,0.135,0.9795,90,32
K,quiet,4.3159,-0.1600,quiet,-0.50,0.30,,False,0.100,0.7090,270,87
K,typical,5.0929,0.3000,mid,-0.86,1.21,,False,0.100,0.7090,270,87
K,active,5.7692,0.7004,mid,-0.88,1.22,,False,0.100,0.7090,270,87
M0–M3.5,quiet,4.5378,-0.0286,quiet,-0.50,0.30,,False,0.000,0.4035,96,16
M0–M3.5,typical,4.9933,0.2411,mid,-0.86,1.21,,False,0.000,0.4035,96,16
M0–M3.5,active,5.6898,0.6534,mid,-0.87,1.22,,False,0.000,0.4035,96,16
M4+,quiet,4.4660,-0.0711,quiet,-0.50,0.30,,False,0.000,0.1910,109,39
M4+,typical,5.3850,0.4729,mid,-0.87,1.21,,False,0.000,0.1910,109,39
M4+,active,6.3383,1.0373,active,-1.24,1.24,,False,0.000,0.1910,109,39
M4+,mode_inactive,4.6644,0.0463,quiet,-0.50,0.30,0.4644,False,0.000,0.1910,109,39
M4+,mode_saturated,6.2633,0.9929,active,-1.23,1.23,0.4518,False,0.000,0.1910,109,39
