class,subtype,n_catalog,median_R_rsun,resolved_from_subtype
F,0,0,1.5646,1
F,1,3,1.5646,1
F,2,7,1.7040,2
F,3,2,1.7040,2
F,4,2,1.4630,5
F,5,11,1.4630,5
F,6,9,1.4470,6
F,7,9,1.3350,7
F,8,8,1.2515,8
F,9,21,1.1120,9
G,0,20,1.1040,0
G,1,9,1.1840,1
G,2,12,1.0010,2
G,3,6,1.1115,3
G,4,1,1.1115,3
G,5,9,0.9410,5
G,6,7,0.9200,6
G,7,6,0.9236,7
G,8,11,0.8700,8
G,9,11,0.8190,9
K,0,31,0.8170,0
K,1,17,0.7730,1
K,2,35,0.7550,2
K,3,41,0.7330,3
K,4,35,0.6940,4
K,5,38,0.6720,5
K,6,25,0.6890,6
K,7,42,0.6570,7
K,8,8,0.6090,8
K,9,2,0.6090,8
M,0,6,0.5690,0
M,1,19,0.4600,1
M,2,24,0.4335,2
M,3,52,0.3305,3
M,4,43,0.2230,4
M,5,28,0.1720,5
M,6,8,0.1275,6
M,7,2,0.1275,6
M,8,2,0.1275,6
M,9,0,0.1275,6
