class,limit_logFX,status,conditional_logFX,point_log_Mdot_per_A,band_lo_dex,band_hi_dex,MC_absdiff_dex
F,3.50,upper_limit_only,,,,,
F,3.55,upper_limit_only,,,,,
F,3.60,upper_limit_only,,,,,
F,3.65,upper_limit_only,,,,,
F,3.70,upper_limit_only,,,,,
F,3.75,upper_limit_only,,,,,
F,3.80,upper_limit_only,,,,,
F,3.85,upper_limit_only,,,,,
F,3.90,defined,3.90,-0.407,-0.50,0.30,0.003
F,3.95,defined,3.90,-0.407,-0.49,0.31,0.004
F,4.00,defined,3.92,-0.393,-0.50,0.30,0.002
F,4.05,defined,3.92,-0.393,-0.50,0.30,0.002
F,4.10,defined,3.92,-0.393,-0.50,0.30,0.001
F,4.15,defined,3.92,-0.393,-0.50,0.30,0.004
F,4.20,defined,3.92,-0.393,-0.50,0.30,0.001
F,4.25,defined,3.92,-0.393,-0.50,0.30,0.004
F,4.30,defined,3.92,-0.393,-0.50,0.30,0.003
F,4.35,defined,3.92,-0.393,-0.48,0.33,0.000
F,4.40,defined,3.92,-0.393,-0.44,0.39,0.003
F,4.45,defined,3.92,-0.393,-0.42,0.41,0.000
F,4.50,defined,3.99,-0.355,-0.43,0.42,0.001
F,4.55,defined,3.99,-0.355,-0.43,0.42,0.000
F,4.60,defined,3.99,-0.355,-0.42,0.43,0.001
F,4.65,defined,3.99,-0.355,-0.42,0.43,0.006
F,4.70,defined,3.99,-0.355,-0.41,0.45,0.003
F,4.75,defined,3.99,-0.355,-0.41,0.45,0.002
F,4.80,defined,3.99,-0.355,-0.41,0.45,0.005
F,4.85,defined,4.31,-0.162,-0.57,0.32,0.005
F,4.90,defined,4.36,-0.136,-0.60,0.32,0.002
F,4.95,defined,4.36,-0.136,-0.60,0.32,0.003
F,5.00,defined,4.38,-0.123,-0.60,0.37,0.002
F,5.05,defined,4.42,-0.098,-0.62,0.44,0.002
F,5.10,defined,4.42,-0.098,-0.62,0.44,0.006
F,5.15,defined,4.42,-0.098,-0.62,0.47,0.003
F,5.20,defined,4.42,-0.098,-0.62,0.47,0.001
F,5.25,defined,4.46,-0.072,-0.63,0.51,0.006
F,5.30,defined,4.46,-0.072,-0.63,0.51,0.002
F,5.35,defined,4.47,-0.069,-0.62,0.61,0.001
F,5.40,defined,4.56,-0.017,-0.66,0.68,0.004
F,5.45,defined,4.66,0.047,-0.72,0.70,0.008
F,5.50,defined,4.81,0.135,-0.79,0.72,0.003
F,5.55,defined,4.83,0.143,-0.80,0.74,0.000
F,5.60,defined,4.83,0.143,-0.79,0.78,0.011
F,5.65,defined,4.83,0.143,-0.79,0.78,0.001
F,5.70,defined,4.84,0.150,-0.79,0.83,0.004
F,5.75,defined,4.89,0.178,-0.81,0.84,0.001
F,5.80,defined,4.89,0.178,-0.81,0.87,0.003
F,5.85,defined,4.97,0.226,-0.85,0.87,0.002
F,5.90,defined,4.99,0.237,-0.84,0.96,0.007
F,5.95,defined,5.01,0.251,-0.84,1.01,0.010
F,6.00,defined,5.03,0.265,-0.84,1.07,0.005
F,6.05,defined,5.03,0.265,-0.84,1.07,0.006
F,6.10,defined,5.03,0.265,-0.84,1.09,0.007
F,6.15,defined,5.03,0.265,-0.84,1.09,0.002
F,6.20,defined,5.11,0.308,-0.88,1.08,0.003
F,6.25,defined,5.23,0.382,-0.94,1.06,0.004
F,6.30,defined,5.23,0.382,-0.94,1.06,0.003
F,6.35,defined,5.23,0.382,-0.94,1.06,0.009
F,6.40,defined,5.23,0.382,-0.94,1.06,0.005
F,6.45,defined,5.23,0.382,-0.94,1.07,0.002
F,6.50,defined,5.23,0.382,-0.94,1.07,0.006
F,6.55,defined,5.23,0.382,-0.94,1.07,0.008
F,6.60,defined,5.23,0.382,-0.94,1.07,0.001
F,6.65,defined,5.31,0.431,-0.99,1.05,0.001
F,6.70,defined,5.31,0.431,-0.99,1.05,0.010
F,6.75,defined,5.31,0.431,-0.99,1.05,0.002
F,6.80,defined,5.31,0.431,-0.99,1.05,0.007
F,6.85,defined,5.31,0.431,-0.99,1.05,0.002
F,6.90,defined,5.31,0.431,-0.99,1.05,0.006
F,6.95,defined,5.31,0.431,-0.99,1.05,0.008
F,7.00,defined,5.31,0.431,-0.99,1.05,0.007
F,7.05,defined,5.31,0.431,-0.99,1.05,0.016
F,7.10,defined,5.31,0.431,-0.99,1.05,0.008
F,7.15,defined,5.31,0.431,-0.99,1.05,0.008
F,7.20,defined,5.31,0.431,-0.99,1.05,0.008
F,7.25,defined,5.31,0.431,-0.99,1.05,0.003
F,7.30,defined,5.31,0.431,-0.99,1.05,0.006
F,7.35,defined,5.31,0.431,-0.99,1.05,0.016
F,7.40,defined,5.31,0.431,-0.99,1.05,0.010
F,7.45,defined,5.31,0.431,-0.99,1.05,0.011
F,7.50,defined,5.31,0.431,-0.99,1.05,0.003
F,7.55,defined,5.31,0.431,-0.99,1.05,0.004
F,7.60,defined,5.31,0.431,-0.99,1.05,0.002
F,7.65,defined,5.31,0.431,-0.99,1.05,0.004
F,7.70,defined,5.31,0.431,-0.99,1.05,0.010
F,7.75,defined,5.31,0.431,-0.99,1.05,0.003
F,7.80,defined,5.31,0.431,-0.99,1.05,0.005
F,7.85,defined,5.31,0.431,-0.99,1.05,0.019
F,7.90,defined,5.31,0.431,-0.99,1.05,0.007
F,7.95,defined,5.31,0.431,-0.99,1.05,0.011
F,8.00,defined,5.31,0.431,-0.99,1.05,0.004
G,3.50,upper_limit_only,,,,,
G,3.55,upper_limit_only,,,,,
G,3.60,upper_limit_only,,,,,
G,3.65,upper_limit_only,,,,,
G,3.70,upper_limit_only,,,,,
G,3.75,upper_limit_only,,,,,
G,3.80,upper_limit_only,,,,,
G,3.85,upper_limit_only,,,,,
G,3.90,upper_limit_only,,,,,
G,3.95,upper_limit_only,,,,,
G,4.00,upper_limit_only,,,,,
G,4.05,upper_limit_only,,,,,
G,4.10,upper_limit_only,,,,,
G,4.15,defined,3.99,-0.350,-0.47,0.33,0.001
G,4.20,defined,4.07,-0.306,-0.51,0.29,0.002
G,4.25,defined,4.07,-0.306,-0.49,0.31,0.003
G,4.30,defined,4.07,-0.306,-0.49,0.31,0.001
G,4.35,defined,4.07,-0.306,-0.49,0.32,0.002
G,4.40,defined,4.07,-0.306,-0.49,0.32,0.002
G,4.45,defined,4.07,-0.306,-0.49,0.32,0.002
G,4.50,defined,4.12,-0.279,-0.51,0.30,0.001
G,4.55,defined,4.12,-0.279,-0.51,0.30,0.002
G,4.60,defined,4.12,-0.279,-0.50,0.31,0.004
G,4.65,defined,4.12,-0.279,-0.50,0.31,0.002
G,4.70,defined,4.12,-0.279,-0.50,0.32,0.002
G,4.75,defined,4.12,-0.279,-0.49,0.34,0.001
G,4.80,defined,4.12,-0.279,-0.48,0.36,0.002
G,4.85,defined,4.12,-0.275,-0.48,0.37,0.001
G,4.90,defined,4.12,-0.275,-0.47,0.40,0.003
G,4.95,defined,4.12,-0.275,-0.47,0.42,0.001
G,5.00,defined,4.12,-0.275,-0.47,0.43,0.004
G,5.05,defined,4.12,-0.275,-0.47,0.43,0.003
G,5.10,defined,4.12,-0.275,-0.47,0.45,0.002
G,5.15,defined,4.12,-0.275,-0.47,0.45,0.002
G,5.20,defined,4.13,-0.268,-0.47,0.46,0.000
G,5.25,defined,4.13,-0.268,-0.47,0.47,0.003
G,5.30,defined,4.13,-0.268,-0.47,0.51,0.005
G,5.35,defined,4.13,-0.268,-0.46,0.54,0.004
G,5.40,defined,4.13,-0.268,-0.46,0.54,0.004
G,5.45,defined,4.13,-0.268,-0.46,0.54,0.005
G,5.50,defined,4.15,-0.257,-0.47,0.55,0.007
G,5.55,defined,4.15,-0.257,-0.47,0.55,0.003
G,5.60,defined,4.15,-0.257,-0.46,0.57,0.001
G,5.65,defined,4.15,-0.257,-0.46,0.62,0.003
G,5.70,defined,4.23,-0.210,-0.50,0.63,0.003
G,5.75,defined,4.23,-0.210,-0.49,0.66,0.002
G,5.80,defined,4.23,-0.210,-0.49,0.66,0.005
G,5.85,defined,4.23,-0.210,-0.49,0.66,0.003
G,5.90,defined,4.23,-0.210,-0.49,0.69,0.015
G,5.95,defined,4.23,-0.210,-0.49,0.69,0.008
G,6.00,defined,4.25,-0.201,-0.49,0.80,0.008
G,6.05,defined,4.25,-0.201,-0.48,0.91,0.005
G,6.10,defined,4.25,-0.201,-0.48,0.91,0.001
G,6.15,defined,4.33,-0.153,-0.52,0.98,0.003
G,6.20,defined,4.33,-0.153,-0.52,1.05,0.000
G,6.25,defined,4.49,-0.055,-0.61,0.99,0.021
G,6.30,defined,4.60,0.006,-0.67,0.99,0.006
G,6.35,defined,4.67,0.049,-0.71,1.04,0.002
G,6.40,defined,4.67,0.049,-0.71,1.07,0.007
G,6.45,defined,4.73,0.084,-0.74,1.06,0.005
G,6.50,defined,4.73,0.084,-0.74,1.09,0.003
G,6.55,defined,4.73,0.084,-0.74,1.09,0.025
G,6.60,defined,4.73,0.084,-0.74,1.09,0.007
G,6.65,defined,4.75,0.099,-0.75,1.11,0.004
G,6.70,defined,4.75,0.099,-0.75,1.11,0.004
G,6.75,defined,4.75,0.099,-0.75,1.11,0.007
G,6.80,defined,4.75,0.099,-0.75,1.11,0.003
G,6.85,defined,4.75,0.099,-0.75,1.11,0.009
G,6.90,defined,4.75,0.099,-0.75,1.11,0.009
G,6.95,defined,4.75,0.099,-0.75,1.11,0.012
G,7.00,defined,4.75,0.099,-0.75,1.11,0.008
G,7.05,defined,4.75,0.099,-0.75,1.11,0.002
G,7.10,defined,4.75,0.099,-0.75,1.11,0.012
G,7.15,defined,4.75,0.099,-0.75,1.11,0.006
G,7.20,defined,4.75,0.099,-0.75,1.11,0.007
G,7.25,defined,4.75,0.099,-0.75,1.11,0.001
G,7.30,defined,4.75,0.099,-0.75,1.11,0.002
G,7.35,defined,4.75,0.099,-0.74,1.14,0.012
G,7.40,defined,4.75,0.099,-0.74,1.14,0.010
G,7.45,defined,4.75,0.099,-0.74,1.14,0.008
G,7.50,defined,4.75,0.099,-0.74,1.14,0.005
G,7.55,defined,4.75,0.099,-0.74,1.14,0.022
G,7.60,defined,4.75,0.099,-0.74,1.14,0.004
G,7.65,defined,4.75,0.099,-0.74,1.14,0.005
G,7.70,defined,4.75,0.099,-0.74,1.14,0.010
G,7.75,defined,4.75,0.099,-0.74,1.14,0.002
G,7.80,defined,4.75,0.099,-0.74,1.14,0.003
G,7.85,defined,4.75,0.099,-0.74,1.14,0.006
G,7.90,defined,4.75,0.099,-0.74,1.14,0.005
G,7.95,defined,4.75,0.099,-0.74,1.14,0.011
G,8.00,defined,4.75,0.099,-0.74,1.14,0.001
K,3.50,upper_limit_only,,,,,
K,3.55,upper_limit_only,,,,,
K,3.60,upper_limit_only,,,,,
K,3.65,upper_limit_only,,,,,
K,3.70,upper_limit_only,,,,,
K,3.75,upper_limit_only,,,,,
K,3.80,upper_limit_only,,,,,
K,3.85,upper_limit_only,,,,,
K,3.90,upper_limit_only,,,,,
K,3.95,upper_limit_only,,,,,
K,4.00,upper_limit_only,,,,,
K,4.05,upper_limit_only,,,,,
K,4.10,upper_limit_only,,,,,
K,4.15,upper_limit_only,,,,,
K,4.20,upper_limit_only,,,,,
K,4.25,upper_limit_only,,,,,
K,4.30,upper_limit_only,,,,,
K,4.35,upper_limit_only,,,,,
K,4.40,defined,4.20,-0.228,-0.46,0.34,0.000
K,4.45,defined,4.20,-0.228,-0.46,0.34,0.001
K,4.50,defined,4.20,-0.228,-0.46,0.34,0.001
K,4.55,defined,4.20,-0.228,-0.46,0.34,0.002
K,4.60,defined,4.30,-0.168,-0.50,0.31,0.003
K,4.65,defined,4.30,-0.168,-0.50,0.31,0.002
K,4.70,defined,4.30,-0.168,-0.50,0.31,0.000
K,4.75,defined,4.32,-0.160,-0.48,0.34,0.002
K,4.80,defined,4.33,-0.150,-0.46,0.38,0.002
K,4.85,defined,4.33,-0.150,-0.46,0.39,0.001
K,4.90,defined,4.33,-0.149,-0.46,0.42,0.001
K,4.95,defined,4.33,-0.149,-0.46,0.44,0.000
K,5.00,defined,4.39,-0.117,-0.50,0.43,0.003
K,5.05,defined,4.56,-0.016,-0.60,0.39,0.005
K,5.10,defined,4.56,-0.014,-0.60,0.47,0.008
K,5.15,defined,4.70,0.068,-0.68,0.45,0.003
K,5.20,defined,4.74,0.089,-0.69,0.49,0.005
K,5.25,defined,4.75,0.094,-0.70,0.52,0.005
K,5.30,defined,4.77,0.109,-0.71,0.57,0.003
K,5.35,defined,4.79,0.120,-0.71,0.64,0.002
K,5.40,defined,4.79,0.121,-0.71,0.68,0.004
K,5.45,defined,4.79,0.122,-0.71,0.73,0.001
K,5.50,defined,4.81,0.134,-0.71,0.78,0.003
K,5.55,defined,4.88,0.175,-0.74,0.81,0.008
K,5.60,defined,4.89,0.181,-0.75,0.83,0.005
K,5.65,defined,4.93,0.203,-0.76,0.84,0.001
K,5.70,defined,4.95,0.217,-0.77,0.86,0.009
K,5.75,defined,4.99,0.236,-0.78,0.89,0.002
K,5.80,defined,5.00,0.246,-0.79,0.90,0.002
K,5.85,defined,5.01,0.250,-0.79,0.92,0.003
K,5.90,defined,5.02,0.258,-0.79,0.94,0.001
K,5.95,defined,5.02,0.259,-0.79,0.96,0.007
K,6.00,defined,5.05,0.272,-0.80,0.96,0.006
K,6.05,defined,5.05,0.275,-0.80,0.98,0.002
K,6.10,defined,5.05,0.275,-0.80,0.99,0.007
K,6.15,defined,5.05,0.275,-0.80,0.99,0.011
K,6.20,defined,5.05,0.277,-0.80,1.00,0.007
K,6.25,defined,5.05,0.277,-0.80,1.00,0.003
K,6.30,defined,5.06,0.278,-0.80,1.01,0.003
K,6.35,defined,5.06,0.278,-0.80,1.02,0.002
K,6.40,defined,5.06,0.279,-0.80,1.03,0.004
K,6.45,defined,5.06,0.280,-0.80,1.04,0.009
K,6.50,defined,5.06,0.280,-0.80,1.04,0.011
K,6.55,defined,5.06,0.280,-0.80,1.04,0.003
K,6.60,defined,5.06,0.280,-0.80,1.04,0.012
K,6.65,defined,5.06,0.283,-0.80,1.05,0.006
K,6.70,defined,5.06,0.283,-0.80,1.06,0.007
K,6.75,defined,5.06,0.283,-0.80,1.06,0.002
K,6.80,defined,5.09,0.298,-0.81,1.06,0.004
K,6.85,defined,5.09,0.298,-0.81,1.06,0.003
K,6.90,defined,5.09,0.298,-0.81,1.06,0.003
K,6.95,defined,5.09,0.298,-0.81,1.06,0.006
K,7.00,defined,5.09,0.298,-0.81,1.06,0.006
K,7.05,defined,5.09,0.298,-0.81,1.06,0.013
K,7.10,defined,5.09,0.300,-0.81,1.07,0.004
K,7.15,defined,5.09,0.300,-0.81,1.08,0.002
K,7.20,defined,5.09,0.300,-0.81,1.08,0.004
K,7.25,defined,5.09,0.300,-0.81,1.08,0.006
K,7.30,defined,5.09,0.300,-0.81,1.08,0.010
K,7.35,defined,5.09,0.300,-0.81,1.09,0.008
K,7.40,defined,5.09,0.300,-0.81,1.10,0.005
K,7.45,defined,5.09,0.300,-0.81,1.11,0.006
K,7.50,defined,5.09,0.300,-0.81,1.11,0.009
K,7.55,defined,5.09,0.300,-0.81,1.11,0.004
K,7.60,defined,5.09,0.300,-0.81,1.11,0.006
K,7.65,defined,5.09,0.300,-0.81,1.11,0.009
K,7.70,defined,5.09,0.300,-0.81,1.11,0.021
K,7.75,defined,5.09,0.300,-0.81,1.11,0.005
K,7.80,defined,5.09,0.300,-0.81,1.11,0.007
K,7.85,defined,5.09,0.300,-0.81,1.11,0.008
K,7.90,defined,5.09,0.300,-0.81,1.11,0.006
K,7.95,defined,5.09,0.300,-0.81,1.11,0.002
K,8.00,defined,5.09,0.300,-0.81,1.11,0.007
M0–M3.5,3.50,upper_limit_only,,,,,
M0–M3.5,3.55,upper_limit_only,,,,,
M0–M3.5,3.60,upper_limit_only,,,,,
M0–M3.5,3.65,upper_limit_only,,,,,
M0–M3.5,3.70,upper_limit_only,,,,,
M0–M3.5,3.75,upper_limit_only,,,,,
M0–M3.5,3.80,upper_limit_only,,,,,
M0–M3.5,3.85,upper_limit_only,,,,,
M0–M3.5,3.90,upper_limit_only,,,,,
M0–M3.5,3.95,upper_limit_only,,,,,
M0–M3.5,4.00,defined,3.98,-0.360,-0.50,0.30,0.001
M0–M3.5,4.05,defined,3.98,-0.360,-0.49,0.31,0.002
M0–M3.5,4.10,defined,3.98,-0.360,-0.49,0.31,0.001
M0–M3.5,4.15,defined,3.98,-0.360,-0.49,0.31,0.003
M0–M3.5,4.20,defined,3.98,-0.360,-0.49,0.31,0.001
M0–M3.5,4.25,defined,3.98,-0.360,-0.49,0.31,0.002
M0–M3.5,4.30,defined,3.98,-0.360,-0.49,0.31,0.003
M0–M3.5,4.35,defined,3.98,-0.360,-0.49,0.31,0.002
M0–M3.5,4.40,defined,4.01,-0.339,-0.46,0.36,0.002
M0–M3.5,4.45,defined,4.01,-0.339,-0.42,0.41,0.003
M0–M3.5,4.50,defined,4.40,-0.111,-0.61,0.24,0.001
M0–M3.5,4.55,defined,4.44,-0.088,-0.60,0.25,0.001
M0–M3.5,4.60,defined,4.49,-0.058,-0.59,0.26,0.004
M0–M3.5,4.65,defined,4.49,-0.058,-0.59,0.26,0.003
M0–M3.5,4.70,defined,4.53,-0.036,-0.58,0.27,0.001
M0–M3.5,4.75,defined,4.53,-0.036,-0.56,0.29,0.001
M0–M3.5,4.80,defined,4.54,-0.029,-0.56,0.29,0.003
M0–M3.5,4.85,defined,4.58,-0.005,-0.55,0.31,0.001
M0–M3.5,4.90,defined,4.60,0.006,-0.57,0.35,0.000
M0–M3.5,4.95,defined,4.67,0.048,-0.62,0.35,0.001
M0–M3.5,5.00,defined,4.69,0.062,-0.64,0.38,0.008
M0–M3.5,5.05,defined,4.70,0.067,-0.64,0.43,0.002
M0–M3.5,5.10,defined,4.72,0.078,-0.65,0.49,0.003
M0–M3.5,5.15,defined,4.81,0.134,-0.71,0.51,0.003
M0–M3.5,5.20,defined,4.81,0.134,-0.70,0.54,0.001
M0–M3.5,5.25,defined,4.82,0.139,-0.71,0.62,0.009
M0–M3.5,5.30,defined,4.83,0.147,-0.71,0.65,0.004
M0–M3.5,5.35,defined,4.83,0.147,-0.71,0.65,0.016
M0–M3.5,5.40,defined,4.84,0.148,-0.71,0.70,0.003
M0–M3.5,5.45,defined,4.86,0.159,-0.71,0.75,0.003
M0–M3.5,5.50,defined,4.88,0.174,-0.72,0.78,0.005
M0–M3.5,5.55,defined,4.89,0.181,-0.73,0.79,0.008
M0–M3.5,5.60,defined,4.89,0.181,-0.73,0.81,0.002
M0–M3.5,5.65,defined,4.89,0.181,-0.73,0.81,0.012
M0–M3.5,5.70,defined,4.90,0.185,-0.73,0.82,0.005
M0–M3.5,5.75,defined,4.90,0.185,-0.72,0.84,0.001
M0–M3.5,5.80,defined,4.90,0.185,-0.72,0.84,0.011
M0–M3.5,5.85,defined,4.90,0.185,-0.72,0.86,0.010
M0–M3.5,5.90,defined,4.91,0.191,-0.72,0.87,0.013
M0–M3.5,5.95,defined,4.91,0.191,-0.72,0.87,0.005
M0–M3.5,6.00,defined,4.91,0.191,-0.72,0.87,0.007
M0–M3.5,6.05,defined,4.91,0.193,-0.72,0.91,0.009
M0–M3.5,6.10,defined,4.91,0.193,-0.72,0.91,0.010
M0–M3.5,6.15,defined,4.91,0.193,-0.72,0.93,0.003
M0–M3.5,6.20,defined,4.91,0.193,-0.72,0.93,0.006
M0–M3.5,6.25,defined,4.91,0.193,-0.72,0.93,0.015
M0–M3.5,6.30,defined,4.93,0.201,-0.73,0.94,0.005
M0–M3.5,6.35,defined,4.93,0.201,-0.73,0.97,0.003
M0–M3.5,6.40,defined,4.93,0.201,-0.73,0.97,0.010
M0–M3.5,6.45,defined,4.93,0.201,-0.73,0.97,0.007
M0–M3.5,6.50,defined,4.95,0.218,-0.74,0.97,0.008
M0–M3.5,6.55,defined,4.95,0.218,-0.74,0.97,0.006
M0–M3.5,6.60,defined,4.95,0.218,-0.74,1.00,0.011
M0–M3.5,6.65,defined,4.95,0.218,-0.74,1.00,0.007
M0–M3.5,6.70,defined,4.95,0.218,-0.74,1.00,0.017
M0–M3.5,6.75,defined,4.95,0.218,-0.74,1.00,0.004
M0–M3.5,6.80,defined,4.96,0.224,-0.74,1.04,0.009
M0–M3.5,6.85,defined,4.96,0.224,-0.74,1.06,0.003
M0–M3.5,6.90,defined,4.99,0.241,-0.75,1.07,0.002
M0–M3.5,6.95,defined,4.99,0.241,-0.75,1.07,0.004
M0–M3.5,7.00,defined,4.99,0.241,-0.75,1.07,0.008
M0–M3.5,7.05,defined,4.99,0.241,-0.75,1.07,0.010
M0–M3.5,7.10,defined,4.99,0.241,-0.75,1.07,0.005
M0–M3.5,7.15,defined,4.99,0.241,-0.75,1.10,0.006
M0–M3.5,7.20,defined,4.99,0.241,-0.75,1.10,0.006
M0–M3.5,7.25,defined,4.99,0.241,-0.75,1.10,0.003
M0–M3.5,7.30,defined,4.99,0.241,-0.75,1.10,0.004
M0–M3.5,7.35,defined,4.99,0.241,-0.75,1.10,0.013
M0–M3.5,7.40,defined,4.99,0.241,-0.75,1.10,0.005
M0–M3.5,7.45,defined,4.99,0.241,-0.75,1.10,0.001
M0–M3.5,7.50,defined,4.99,0.241,-0.75,1.10,0.006
M0–M3.5,7.55,defined,4.99,0.241,-0.75,1.10,0.005
M0–M3.5,7.60,defined,4.99,0.241,-0.75,1.10,0.002
M0–M3.5,7.65,defined,4.99,0.241,-0.75,1.10,0.002
M0–M3.5,7.70,defined,4.99,0.241,-0.75,1.10,0.011
M0–M3.5,7.75,defined,4.99,0.241,-0.75,1.10,0.002
M0–M3.5,7.80,defined,4.99,0.241,-0.75,1.10,0.005
M0–M3.5,7.85,defined,4.99,0.241,-0.75,1.10,0.003
M0–M3.5,7.90,defined,4.99,0.241,-0.75,1.10,0.006
M0–M3.5,7.95,defined,4.99,0.241,-0.75,1.10,0.007
M0–M3.5,8.00,defined,4.99,0.241,-0.75,1.10,0.017
M4+,3.50,upper_limit_only,,,,,
M4+,3.55,upper_limit_only,,,,,
M4+,3.60,upper_limit_only,,,,,
M4+,3.65,upper_limit_only,,,,,
M4+,3.70,upper_limit_only,,,,,
M4+,3.75,upper_limit_only,,,,,
M4+,3.80,upper_limit_only,,,,,
M4+,3.85,upper_limit_only,,,,,
M4+,3.90,upper_limit_only,,,,,
M4+,3.95,upper_limit_only,,,,,
M4+,4.00,upper_limit_only,,,,,
M4+,4.05,upper_limit_only,,,,,
M4+,4.10,upper_limit_only,,,,,
M4+,4.15,upper_limit_only,,,,,
M4+,4.20,defined,4.17,-0.248,-0.50,0.30,0.001
M4+,4.25,defined,4.17,-0.248,-0.50,0.30,0.001
M4+,4.30,defined,4.17,-0.248,-0.50,0.30,0.003
M4+,4.35,defined,4.17,-0.248,-0.50,0.30,0.002
M4+,4.40,defined,4.17,-0.248,-0.50,0.30,0.005
M4+,4.45,defined,4.17,-0.248,-0.50,0.30,0.002
M4+,4.50,defined,4.17,-0.248,-0.41,0.41,0.002
M4+,4.55,defined,4.17,-0.248,-0.41,0.41,0.002
M4+,4.60,defined,4.17,-0.248,-0.41,0.41,0.002
M4+,4.65,defined,4.17,-0.248,-0.41,0.41,0.006
M4+,4.70,defined,4.47,-0.071,-0.56,0.26,0.000
M4+,4.75,defined,4.47,-0.071,-0.56,0.26,0.002
M4+,4.80,defined,4.47,-0.071,-0.56,0.26,0.003
M4+,4.85,defined,4.47,-0.071,-0.54,0.30,0.003
M4+,4.90,defined,4.47,-0.071,-0.54,0.30,0.003
M4+,4.95,defined,4.47,-0.071,-0.54,0.30,0.002
M4+,5.00,defined,4.50,-0.052,-0.56,0.37,0.006
M4+,5.05,defined,4.50,-0.052,-0.56,0.41,0.001
M4+,5.10,defined,4.50,-0.052,-0.56,0.46,0.004
M4+,5.15,defined,4.50,-0.052,-0.56,0.50,0.002
M4+,5.20,defined,4.66,0.046,-0.65,0.52,0.001
M4+,5.25,defined,4.66,0.046,-0.65,0.57,0.012
M4+,5.30,defined,4.66,0.046,-0.64,0.61,0.001
M4+,5.35,defined,4.66,0.046,-0.64,0.65,0.007
M4+,5.40,defined,4.66,0.046,-0.63,0.73,0.007
M4+,5.45,defined,4.66,0.046,-0.63,0.73,0.010
M4+,5.50,defined,4.84,0.147,-0.73,0.66,0.002
M4+,5.55,defined,4.84,0.147,-0.73,0.66,0.002
M4+,5.60,defined,4.84,0.147,-0.73,0.66,0.004
M4+,5.65,defined,4.84,0.147,-0.73,0.66,0.005
M4+,5.70,defined,4.84,0.147,-0.73,0.66,0.007
M4+,5.75,defined,4.84,0.147,-0.72,0.73,0.011
M4+,5.80,defined,4.84,0.147,-0.72,0.73,0.013
M4+,5.85,defined,4.84,0.147,-0.72,0.77,0.004
M4+,5.90,defined,4.97,0.230,-0.79,0.78,0.007
M4+,5.95,defined,4.97,0.230,-0.78,0.86,0.002
M4+,6.00,defined,4.98,0.236,-0.77,0.92,0.004
M4+,6.05,defined,4.98,0.236,-0.77,0.99,0.004
M4+,6.10,defined,5.04,0.271,-0.80,1.01,0.004
M4+,6.15,defined,5.04,0.271,-0.80,1.03,0.003
M4+,6.20,defined,5.09,0.297,-0.82,1.07,0.012
M4+,6.25,defined,5.09,0.297,-0.82,1.09,0.004
M4+,6.30,defined,5.15,0.336,-0.85,1.15,0.012
M4+,6.35,defined,5.18,0.352,-0.86,1.18,0.011
M4+,6.40,defined,5.18,0.352,-0.86,1.18,0.004
M4+,6.45,defined,5.20,0.362,-0.86,1.21,0.005
M4+,6.50,defined,5.20,0.362,-0.86,1.24,0.007
M4+,6.55,defined,5.20,0.362,-0.86,1.24,0.014
M4+,6.60,defined,5.20,0.362,-0.86,1.24,0.003
M4+,6.65,defined,5.22,0.376,-0.86,1.25,0.005
M4+,6.70,defined,5.29,0.417,-0.90,1.26,0.005
M4+,6.75,defined,5.33,0.441,-0.92,1.24,0.006
M4+,6.80,defined,5.33,0.441,-0.92,1.24,0.002
M4+,6.85,defined,5.33,0.441,-0.91,1.27,0.006
M4+,6.90,defined,5.33,0.441,-0.91,1.27,0.002
M4+,6.95,defined,5.33,0.441,-0.91,1.27,0.008
M4+,7.00,defined,5.33,0.441,-0.91,1.27,0.015
M4+,7.05,defined,5.33,0.441,-0.91,1.27,0.005
M4+,7.10,defined,5.33,0.441,-0.91,1.27,0.003
M4+,7.15,defined,5.33,0.441,-0.91,1.27,0.003
M4+,7.20,defined,5.39,0.473,-0.94,1.25,0.007
M4+,7.25,defined,5.39,0.473,-0.94,1.25,0.009
M4+,7.30,defined,5.39,0.473,-0.94,1.25,0.006
M4+,7.35,defined,5.39,0.473,-0.94,1.25,0.001
M4+,7.40,defined,5.39,0.473,-0.94,1.25,0.003
M4+,7.45,defined,5.39,0.473,-0.94,1.25,0.007
M4+,7.50,defined,5.39,0.473,-0.94,1.25,0.008
M4+,7.55,defined,5.39,0.473,-0.94,1.25,0.001
M4+,7.60,defined,5.39,0.473,-0.94,1.25,0.021
M4+,7.65,defined,5.39,0.473,-0.94,1.27,0.009
M4+,7.70,defined,5.39,0.473,-0.94,1.27,0.012
M4+,7.75,defined,5.39,0.473,-0.94,1.27,0.007
M4+,7.80,defined,5.39,0.473,-0.94,1.27,0.001
M4+,7.85,defined,5.39,0.473,-0.94,1.27,0.002
M4+,7.90,defined,5.39,0.473,-0.94,1.27,0.006
M4+,7.95,defined,5.39,0.473,-0.94,1.27,0.009
M4+,8.00,defined,5.39,0.473,-0.94,1.27,0.010
